Tutorials,To Do,"Find a step-by-step guide to help you get started or take your project to the next level.",https://docs.mapbox.com/help/tutorials/
例,To Do,"全てのドキュメントMapbox GL JS例",https://docs.mapbox.com/jp/mapbox-gl-js/example/
Mapbox GL JS,Compleate,カスタムマーカーを追加,https://docs.mapbox.com/jp/help/tutorials/custom-markers-gl-js/
Build a store locator using Mapbox GL JS,Work In Progress,"All docsHelpTutorialsBuild a store locator using Mapbox GL JS",https://docs.mapbox.com/help/tutorials/building-a-store-locator/
Display a popup on click,Work In Progress,"When a user clicks a circle, show a Popup containing more information.",https://docs.mapbox.com/mapbox-gl-js/example/popup-on-click/
Geocoding Playground,Compleate,座標を取得,https://docs.mapbox.com/search-playground/
Congratulations!,Work In Progress,"You've installed Mapbox GL JS, but don't stop there. Continue exploring and see what you can build.",https://www.mapbox.com/install/js/cdn-complete/
Web applications,Compleate,"Webアプリのしくみ/Webアプリの作成 など",https://docs.mapbox.com/help/getting-started/web-apps/
Mapbox GL JS,Compleate,概要,https://docs.mapbox.com/jp/mapbox-gl-js/overview/
Add Mapbox to your app or website,Compleate,インストール,https://www.mapbox.com/install/
